{
    "variants": {
        "facing=east,half=lower,hinge=left,open=false":  { "model": "block/door_white/left_bottom" },
        "facing=south,half=lower,hinge=left,open=false": { "model": "block/door_white/left_bottom", "y": 90 },
        "facing=west,half=lower,hinge=left,open=false":  { "model": "block/door_white/left_bottom", "y": 180 },
        "facing=north,half=lower,hinge=left,open=false": { "model": "block/door_white/left_bottom", "y": 270 },
		
		"facing=east,half=upper,hinge=left,open=false":  { "model": "block/door_white/left_top" },
        "facing=south,half=upper,hinge=left,open=false": { "model": "block/door_white/left_top", "y": 90 },
        "facing=west,half=upper,hinge=left,open=false":  { "model": "block/door_white/left_top", "y": 180 },
        "facing=north,half=upper,hinge=left,open=false": { "model": "block/door_white/left_top", "y": 270 },
		
		"facing=east,half=lower,hinge=left,open=true":  { "model": "block/door_white/left_bottom_open" },
        "facing=south,half=lower,hinge=left,open=true": { "model": "block/door_white/left_bottom_open", "y": 90 },
        "facing=west,half=lower,hinge=left,open=true":  { "model": "block/door_white/left_bottom_open", "y": 180 },
        "facing=north,half=lower,hinge=left,open=true": { "model": "block/door_white/left_bottom_open", "y": 270 },
		
		"facing=east,half=upper,hinge=left,open=true":  { "model": "block/door_white/left_top_open" },
        "facing=south,half=upper,hinge=left,open=true": { "model": "block/door_white/left_top_open", "y": 90 },
        "facing=west,half=upper,hinge=left,open=true":  { "model": "block/door_white/left_top_open", "y": 180 },
        "facing=north,half=upper,hinge=left,open=true": { "model": "block/door_white/left_top_open", "y": 270 },
		
		
		
		"facing=east,half=lower,hinge=right,open=false":  { "model": "block/door_white/right_bottom" },
        "facing=south,half=lower,hinge=right,open=false": { "model": "block/door_white/right_bottom", "y": 90 },
        "facing=west,half=lower,hinge=right,open=false":  { "model": "block/door_white/right_bottom", "y": 180 },
        "facing=north,half=lower,hinge=right,open=false": { "model": "block/door_white/right_bottom", "y": 270 },
		
		"facing=east,half=upper,hinge=right,open=false":  { "model": "block/door_white/right_top" },
        "facing=south,half=upper,hinge=right,open=false": { "model": "block/door_white/right_top", "y": 90 },
        "facing=west,half=upper,hinge=right,open=false":  { "model": "block/door_white/right_top", "y": 180 },
        "facing=north,half=upper,hinge=right,open=false": { "model": "block/door_white/right_top", "y": 270 },
		
		"facing=east,half=lower,hinge=right,open=true":  { "model": "block/door_white/right_bottom_open" },
        "facing=south,half=lower,hinge=right,open=true": { "model": "block/door_white/right_bottom_open", "y": 90 },
        "facing=west,half=lower,hinge=right,open=true":  { "model": "block/door_white/right_bottom_open", "y": 180 },
        "facing=north,half=lower,hinge=right,open=true": { "model": "block/door_white/right_bottom_open", "y": 270 },
		
		"facing=east,half=upper,hinge=right,open=true":  { "model": "block/door_white/right_top_open" },
        "facing=south,half=upper,hinge=right,open=true": { "model": "block/door_white/right_top_open", "y": 90 },
        "facing=west,half=upper,hinge=right,open=true":  { "model": "block/door_white/right_top_open", "y": 180 },
        "facing=north,half=upper,hinge=right,open=true": { "model": "block/door_white/right_top_open", "y": 270 }
    }
}
