{
	"credit": "Made with Blockbench",
	"textures": {
		"0": "block/umsoea_models/white_door",
		"particle": "block/umsoea_models/door_industrial"
	},
	"elements": [
		{
			"from": [-0.3, 0, 15.9],
			"to": [16.3, 24.05, 17.3],
			"faces": {
				"north": {"uv": [1, 0, 0, 1], "texture": "#0"},
				"east": {"uv": [1, 0, 0, 1], "texture": "#0"},
				"south": {"uv": [1, 0, 0, 1], "texture": "#0"},
				"west": {"uv": [1, 0, 0, 1], "texture": "#0"},
				"up": {"uv": [0, 1, 1, 0], "texture": "#0"},
				"down": {"uv": [0, 1, 1, 0], "texture": "#0"}
			}
		},
		{
			"from": [-0.3, 0, -1.3],
			"to": [16.3, 24.05, 0.1],
			"faces": {
				"north": {"uv": [1, 0, 0, 1], "texture": "#0"},
				"east": {"uv": [1, 0, 0, 1], "texture": "#0"},
				"south": {"uv": [1, 0, 0, 1], "texture": "#0"},
				"west": {"uv": [1, 0, 0, 1], "texture": "#0"},
				"up": {"uv": [0, 1, 1, 0], "texture": "#0"},
				"down": {"uv": [0, 1, 1, 0], "texture": "#0"}
			}
		},
		{
			"from": [-0.3, 22.45, 0],
			"to": [16.3, 24.05, 15.9],
			"rotation": {"angle": 0, "axis": "x", "origin": [8, 32.15, 8]},
			"faces": {
				"north": {"uv": [1, 0, 0, 1], "texture": "#0"},
				"east": {"uv": [1, 0, 0, 1], "texture": "#0"},
				"south": {"uv": [1, 0, 0, 1], "texture": "#0"},
				"west": {"uv": [1, 0, 0, 1], "texture": "#0"},
				"up": {"uv": [0, 1, 1, 0], "texture": "#0"},
				"down": {"uv": [0, 1, 1, 0], "texture": "#0"}
			}
		},
		{
			"from": [-0.5, 0, 16.1],
			"to": [16.5, 24.05, 17.3],
			"rotation": {"angle": 0, "axis": "y", "origin": [8, 8, 7.9]},
			"faces": {
				"north": {"uv": [1, 0, 0, 1], "texture": "#0"},
				"east": {"uv": [1, 0, 0, 1], "texture": "#0"},
				"south": {"uv": [1, 0, 0, 1], "texture": "#0"},
				"west": {"uv": [1, 0, 0, 1], "texture": "#0"},
				"up": {"uv": [0, 1, 1, 0], "texture": "#0"},
				"down": {"uv": [0, 1, 1, 0], "texture": "#0"}
			}
		},
		{
			"from": [-0.5, 22.65, -0.4],
			"to": [16.5, 24.05, 16.4],
			"rotation": {"angle": 0, "axis": "x", "origin": [8, 32.15, 8]},
			"faces": {
				"north": {"uv": [1, 0, 0, 1], "texture": "#0"},
				"east": {"uv": [1, 0, 0, 1], "texture": "#0"},
				"south": {"uv": [1, 0, 0, 1], "texture": "#0"},
				"west": {"uv": [1, 0, 0, 1], "texture": "#0"},
				"up": {"uv": [0, 1, 1, 0], "texture": "#0"},
				"down": {"uv": [0, 1, 1, 0], "texture": "#0"}
			}
		},
		{
			"from": [1, 0, 0.1],
			"to": [10, 22.45, 15.9],
			"rotation": {"angle": 0, "axis": "y", "origin": [7, 8, 6]},
			"faces": {
				"east": {"uv": [2, 0, 1, 1], "texture": "#0"},
				"west": {"uv": [2, 0, 1, 1], "texture": "#0"}
			}
		},
		{
			"from": [-0.5, 0, -1.3],
			"to": [16.5, 24.05, -0.1],
			"rotation": {"angle": 0, "axis": "y", "origin": [8, 8, 8.1]},
			"faces": {
				"north": {"uv": [1, 0, 0, 1], "texture": "#0"},
				"east": {"uv": [1, 0, 0, 1], "texture": "#0"},
				"south": {"uv": [1, 0, 0, 1], "texture": "#0"},
				"west": {"uv": [1, 0, 0, 1], "texture": "#0"},
				"up": {"uv": [0, 1, 1, 0], "texture": "#0"},
				"down": {"uv": [0, 1, 1, 0], "texture": "#0"}
			}
		},
		{
			"from": [0.9, -1.475, 1.075],
			"to": [10.1, 3.025, 2.3],
			"rotation": {"angle": 0, "axis": "y", "origin": [7, 8.025, 11.4]},
			"faces": {
				"north": {"uv": [1, 0, 0, 1], "texture": "#0"},
				"east": {"uv": [1, 0, 0, 1], "texture": "#0"},
				"south": {"uv": [1, 0, 0, 1], "texture": "#0"},
				"west": {"uv": [1, 0, 0, 1], "texture": "#0"},
				"up": {"uv": [0, 1, 1, 0], "texture": "#0"},
				"down": {"uv": [0, 1, 1, 0], "texture": "#0"}
			}
		},
		{
			"from": [-0.45, 0.825, 1.875],
			"to": [-0.05, 1.025, 4.4],
			"rotation": {"angle": 0, "axis": "y", "origin": [-0.55, 0.725, 2.725]},
			"faces": {
				"north": {"uv": [1, 0, 0, 1], "texture": "#0"},
				"east": {"uv": [1, 0, 0, 1], "texture": "#0"},
				"south": {"uv": [1, 0, 0, 1], "texture": "#0"},
				"west": {"uv": [1, 0, 0, 1], "texture": "#0"},
				"up": {"uv": [0, 1, 1, 0], "texture": "#0"},
				"down": {"uv": [0, 1, 1, 0], "texture": "#0"}
			}
		},
		{
			"from": [-0.45, 0.825, 1.5],
			"to": [11.45, 1.025, 1.875],
			"rotation": {"angle": 0, "axis": "y", "origin": [4, 7.825, 11.25]},
			"faces": {
				"north": {"uv": [1, 0, 0, 1], "texture": "#0"},
				"east": {"uv": [1, 0, 0, 1], "texture": "#0"},
				"south": {"uv": [1, 0, 0, 1], "texture": "#0"},
				"west": {"uv": [1, 0, 0, 1], "texture": "#0"},
				"up": {"uv": [0, 1, 1, 0], "texture": "#0"},
				"down": {"uv": [0, 1, 1, 0], "texture": "#0"}
			}
		},
		{
			"from": [11.05, 0.825, 1.875],
			"to": [11.45, 1.025, 4.4],
			"rotation": {"angle": 0, "axis": "y", "origin": [11.55, 0.725, 2.725]},
			"faces": {
				"north": {"uv": [1, 0, 0, 1], "texture": "#0"},
				"east": {"uv": [1, 0, 0, 1], "texture": "#0"},
				"south": {"uv": [1, 0, 0, 1], "texture": "#0"},
				"west": {"uv": [1, 0, 0, 1], "texture": "#0"},
				"up": {"uv": [0, 1, 1, 0], "texture": "#0"},
				"down": {"uv": [0, 1, 1, 0], "texture": "#0"}
			}
		}
	],
	"groups": [
		{
			"name": "group",
			"origin": [-0.55, 0.975, 13.275],
			"children": [0, 1, 2, 3, 4, 5, 6, 7, 8]
		},
		{
			"name": "group",
			"origin": [-0.55, 0.975, 13.275],
			"children": [9, 10]
		}
	]
}