{
	"credit": "Made with Blockbench",
	"ambientocclusion": false,
	"textures": {
		"0": "block/umsoea_models/white_door",
		"particle": "block/umsoea_models/white_door"
	},
	"elements": [
		{
			"from": [-0.3, 0, 15.9],
			"to": [16.3, 16, 17.3],
			"faces": {
				"north": {"uv": [1, 0, 0, 1], "texture": "#0"},
				"east": {"uv": [1, 0, 0, 1], "texture": "#0"},
				"south": {"uv": [1, 0, 0, 1], "texture": "#0"},
				"west": {"uv": [1, 0, 0, 1], "texture": "#0"},
				"up": {"uv": [0, 1, 1, 0], "texture": "#0"},
				"down": {"uv": [0, 1, 1, 0], "texture": "#0"}
			}
		},
		{
			"from": [-0.5, 0, 16.1],
			"to": [16.5, 16, 17.3],
			"rotation": {"angle": 0, "axis": "y", "origin": [8, 8, 7.9]},
			"faces": {
				"north": {"uv": [1, 0, 0, 1], "texture": "#0"},
				"east": {"uv": [1, 0, 0, 1], "texture": "#0"},
				"south": {"uv": [1, 0, 0, 1], "texture": "#0"},
				"west": {"uv": [1, 0, 0, 1], "texture": "#0"},
				"up": {"uv": [0, 1, 1, 0], "texture": "#0"},
				"down": {"uv": [0, 1, 1, 0], "texture": "#0"}
			}
		},
		{
			"from": [-0.5, 0, -1.3],
			"to": [16.5, 16, -0.1],
			"rotation": {"angle": 0, "axis": "y", "origin": [8, 8, 8.1]},
			"faces": {
				"north": {"uv": [1, 0, 0, 1], "texture": "#0"},
				"east": {"uv": [1, 0, 0, 1], "texture": "#0"},
				"south": {"uv": [1, 0, 0, 1], "texture": "#0"},
				"west": {"uv": [1, 0, 0, 1], "texture": "#0"},
				"up": {"uv": [0, 1, 1, 0], "texture": "#0"},
				"down": {"uv": [0, 1, 1, 0], "texture": "#0"}
			}
		},
		{
			"from": [-0.3, 0, -1.3],
			"to": [16.3, 16, 0.1],
			"faces": {
				"north": {"uv": [1, 0, 0, 1], "texture": "#0"},
				"east": {"uv": [1, 0, 0, 1], "texture": "#0"},
				"south": {"uv": [1, 0, 0, 1], "texture": "#0"},
				"west": {"uv": [1, 0, 0, 1], "texture": "#0"},
				"up": {"uv": [0, 1, 1, 0], "texture": "#0"},
				"down": {"uv": [0, 1, 1, 0], "texture": "#0"}
			}
		},
		{
			"from": [4, 0, 15.5],
			"to": [23.9, 16, 15.8],
			"rotation": {"angle": 0, "axis": "y", "origin": [18, 8, 21.5]},
			"faces": {
				"north": {"uv": [2, 0, 1, 1], "texture": "#0"},
				"east": {"uv": [2, 0, 1, 1], "texture": "#0"},
				"south": {"uv": [2, 0, 1, 1], "texture": "#0"},
				"west": {"uv": [2, 0, 1, 1], "texture": "#0"},
				"up": {"uv": [1, 1, 2, 0], "texture": "#0"},
				"down": {"uv": [1, 1, 2, 0], "texture": "#0"}
			}
		},
		{
			"from": [4, 0.1, 14.8],
			"to": [23.6, 16, 15.5],
			"rotation": {"angle": 0, "axis": "y", "origin": [18, 8, 20.5]},
			"faces": {
				"north": {"uv": [2, 0, 1, 1], "texture": "#0"},
				"east": {"uv": [2, 0, 1, 1], "texture": "#0"},
				"south": {"uv": [2, 0, 1, 1], "texture": "#0"},
				"west": {"uv": [2, 0, 1, 1], "texture": "#0"},
				"up": {"uv": [1, 1, 2, 0], "texture": "#0"},
				"down": {"uv": [1, 1, 2, 0], "texture": "#0"}
			}
		},
		{
			"from": [3.7, 5.9, 15.3],
			"to": [4, 7.1, 15.8],
			"rotation": {"angle": 0, "axis": "y", "origin": [18, 8, 20.7]},
			"faces": {
				"north": {"uv": [1, 0, 0, 1], "texture": "#0"},
				"east": {"uv": [1, 0, 0, 1], "texture": "#0"},
				"south": {"uv": [1, 0, 0, 1], "texture": "#0"},
				"west": {"uv": [1, 0, 0, 1], "texture": "#0"},
				"up": {"uv": [0, 1, 1, 0], "texture": "#0"},
				"down": {"uv": [0, 1, 1, 0], "texture": "#0"}
			}
		}
	],
	"groups": [
		{
			"name": "frame",
			"origin": [8, 30.75, 8],
			"children": [0, 1, 2, 3]
		},
		{
			"name": "group",
			"origin": [-0.55, 0.975, 13.275],
			"children": [4, 5, 6]
		}
	]
}